RCDT Code,District Name,Local Affiliation
1001001026,Payson CUSD 1,IEA-NEA
1001002026,Liberty CUSD 2,IEA-NEA
1001003026,Central CUSD 3,IEA-NEA
1001004026,CUSD 4,IFT-AFT
1001172022,Quincy SD 172,IFT-AFT
1005001026,Brown County CUSD 1,IEA-NEA
1009015026,Beardstown CUSD 15,IEA-NEA
1009064026,Virginia CUSD 64,IEA-NEA
1009262026,A-C Central CUSD 262,IEA-NEA
1069001026,Franklin CUSD 1,IFT-AFT
1069006026,Waverly CUSD 6,IEA-NEA
1069011026,Meredosia-Chambersburg CUSD 11,IEA-NEA
1069027026,Triopia CUSD 27,IFT-AFT
1069117022,Jacksonville SD 117,IEA-NEA
1069801060,Four Rivers Spec Educ Dist,IFT-AFT
1075003026,Pleasant Hill CUSD 3,IFT-AFT
1075004026,Griggsville-Perry CUSD 4,IFT-AFT
1075010026,Pikeland CUSD 10,IEA-NEA
1075012026,Western CUSD 12,IEA-NEA
1086001026,Winchester CUSD 1,IFT-AFT
1086002026,Scott-Morgan CUSD 2,IEA-NEA
3003001026,Mulberry Grove CUSD 1,IEA-NEA
3003002026,Bond County CUSD 2,IEA-NEA
3011001026,Morrisonville CUSD 1,IEA-NEA
3011003026,Taylorville CUSD 3,IEA-NEA
3011004026,Edinburg CUSD 4,IEA-NEA
3011008026,Pana CUSD 8,IEA-NEA
3011014024,South Fork SD 14,IEA-NEA
3011801060,Mid-State Spec Educ Jnt Agr,NULL
3011802060,NPT Special Education Coop,NULL
3025010026,Altamont CUSD 10,IEA-NEA
3025020026,Beecher City CUSD 20,IEA-NEA
3025030026,Dieterich CUSD 30,IEA-NEA
3025040026,Effingham CUSD 40,IEA-NEA
3025050026,Teutopolis CUSD 50,IEA-NEA
3026201026,Brownstown CUSD 201,IEA-NEA
3026202026,St Elmo CUSD 202,IEA-NEA
3026203026,Vandalia CUSD 203,IEA-NEA
3026204026,Ramsey CUSD 204,IEA-NEA
3068002026,Panhandle CUSD 2,IEA-NEA
3068003026,Hillsboro CUSD 3,IFT-AFT
3068012026,Litchfield CUSD 12,IEA-NEA
3068022026,Nokomis CUSD 22,IEA-NEA
4004100026,Belvidere CUSD 100,IEA-NEA
4004200026,North Boone CUSD 200,IEA-NEA
4101122022,Harlem UD 122,IFT-AFT
4101131004,Kinnikinnick CCSD 131,IEA-NEA
4101134004,Shirland CCSD 134,IEA-NEA
4101140004,Rockton SD 140,IEA-NEA
4101140061,Winnebago County Spec Educ Coop,IEA-NEA
4101205025,Rockford SD 205,IEA-NEA
4101207016,Hononegah CHD 207,IEA-NEA
4101320026,County of Winnebago SD 320,IEA-NEA
4101321026,Pecatonica CUSD 321,IEA-NEA
4101322026,Durand CUSD 322,Other: Durand Education Association
4101323026,Winnebago CUSD 323,IEA-NEA
5016015004,Palatine CCSD 15,IEA-NEA
5016021004,Wheeling CCSD 21,IEA-NEA
5016023002,Prospect Heights SD 23,IEA-NEA
5016025002,Arlington Heights SD 25,IEA-NEA
5016026002,River Trails SD 26,IEA-NEA
5016027002,Northbrook ESD 27,IEA-NEA
5016028002,Northbrook SD 28,IFT-AFT
5016029002,Sunset Ridge SD 29,IEA-NEA
5016030002,Northbrook/Glenview SD 30,IEA-NEA
5016031002,West Northfield SD 31,IFT-AFT
5016034004,Glenview CCSD 34,IEA-NEA
5016035002,Glencoe SD 35,IEA-NEA
5016036002,Winnetka SD 36,IEA-NEA
5016037002,Avoca SD 37,IEA-NEA
5016038002,Kenilworth SD 38,IEA-NEA
5016039002,Wilmette SD 39,IEA-NEA
5016054004,Schaumburg CCSD 54,IEA-NEA
5016057002,Mount Prospect SD 57,IEA-NEA
5016059004,Comm Cons SD 59,IEA-NEA
5016062004,CCSD 62,IEA-NEA
5016063002,East Maine SD 63,IEA-NEA
5016064004,Park Ridge CCSD 64,IEA-NEA
5016065004,Evanston CCSD 65,IEA-NEA
5016067002,Golf ESD 67,IFT-AFT
5016068002,Skokie SD 68,IEA-NEA
5016069002,Skokie SD 69,IEA-NEA
5016070002,Morton Grove SD 70,IFT-AFT
5016071002,Niles ESD 71,IFT-AFT
5016072002,Fairview SD 72,IFT-AFT
5016073002,East Prairie SD 73,IFT-AFT
5016073502,Skokie SD 73-5,IEA-NEA
5016074002,Lincolnwood SD 74,IFT-AFT
5016202017,Evanston Twp HSD 202,IEA-NEA
5016203017,New Trier Twp HSD 203,IEA-NEA
5016207017,Maine Township HSD 207,IEA-NEA
5016211017,Township HSD 211,IFT-AFT
5016214017,Township HSD 214,IFT-AFT Local 1211
5016219017,Niles Twp HSD 219,IFT-AFT
5016225017,Glenbrook HSD 225,IEA-NEA
5016805060,NW Suburban Spec Educ Org,IEA-NEA
5016807060,Niles Twp District for Spec Educ,IFT-AFT
6016078002,Rosemont ESD 78,Other: Rosemont Professional Association
6016079002,Pennoyer SD 79,IEA-NEA
6016080002,Norridge SD 80,IEA-NEA
6016081002,Schiller Park SD 81,IEA-NEA
6016083002,Mannheim SD 83,IFT-AFT
6016083061,Leyden Area Spec Educ Coop,NULL
6016084002,Franklin Park SD 84,IFT-AFT
6016084502,Rhodes SD 84-5,IEA-NEA
6016085502,River Grove SD 85-5,IEA-NEA
6016086002,Union Ridge SD 86,IEA-NEA
6016088002,Bellwood SD 88,IEA-NEA
6016089002,Maywood-Melrose Park-Broadview 89,IEA-NEA
6016090002,River Forest SD 90,IEA-NEA
6016091002,Forest Park SD 91,IEA-NEA
6016092002,Lindop SD 92,IEA-NEA
6016092502,Westchester SD 92-5,IEA-NEA
6016093002,Hillside SD 93,IEA-NEA
6016094002,Komarek SD 94,IEA-NEA
6016095002,Brookfield Lagrange Park SD 95,IEA-NEA
6016096002,Riverside SD 96,IFT-AFT
6016098002,Berwyn North SD 98,IEA-NEA
6016099002,Cicero SD 99,IFT-AFT
6016100002,Berwyn South SD 100,IEA-NEA
6016101002,Western Springs SD 101,IEA-NEA
6016102002,La Grange SD 102,IEA-NEA
6016103002,Lyons SD 103,IFT-AFT
6016105002,La Grange SD 105 South,IEA-NEA
6016106002,LaGrange Highlands SD 106,IFT-AFT
6016107002,Pleasantdale SD 107,IEA-NEA
6016200013,Oak Park - River Forest SD 200,IEA-NEA
6016201017,J S Morton HSD 201,IFT-AFT
6016204017,Lyons Twp HSD 204,IEA-NEA
6016204061,Lagrange Area Dept Spec Ed-Ladse,IEA-NEA
6016208017,Riverside-Brookfield Twp SD 208,IEA-NEA
6016212016,Leyden CHSD 212,IFT-AFT
6016234016,Ridgewood CHSD 234,IFT-AFT
6016401026,Elmwood Park CUSD 401,IEA-NEA
6016803060,Proviso Area Exceptional Child,IFT-AFT
7016104002,Summit SD 104,IFT-AFT
7016109002,Indian Springs SD 109,IFT-AFT
7016110002,Central Stickney SD 110,IFT-AFT
7016111002,Burbank SD 111,IFT-AFT
07016113a02,Lemont-Bromberek CSD 113A,IFT-AFT
7016117002,North Palos SD 117,IEA-NEA
7016118004,Palos CCSD 118,IEA-NEA
7016122002,Ridgeland SD 122,IFT-AFT
7016123002,Oak Lawn-Hometown SD 123,IFT-AFT
7016124002,Evergreen Park ESD 124,IFT-AFT
7016125002,Atwood Heights SD 125,IEA-NEA
7016126002,Alsip-Hazlgrn-Oaklwn SD 126,IFT-AFT
7016127002,Worth SD 127,IEA-NEA
7016127502,Chicago Ridge SD 127-5,IEA-NEA
7016127561,Eisenhower Cooperative,IEA-NEA
7016128002,Palos Heights SD 128,IEA-NEA
7016130002,Cook County SD 130,IEA-NEA
7016132002,Calumet Public SD 132,IEA-NEA
7016133002,Gen George Patton SD 133,IFT-AFT
7016135002,Orland SD 135,IFT-AFT
7016140002,Kirby SD 140,IEA-NEA
7016142002,Forest Ridge SD 142,IEA-NEA
7016142061,Southwest Cook Coop Spec Ed,IFT-AFT
7016143002,Midlothian SD 143,IEA-NEA
7016143502,Posen-Robbins ESD 143-5,IFT-AFT
7016144002,Prairie-Hills ESD 144,IEA-NEA
7016145002,Arbor Park SD 145,IEA-NEA
7016146004,CCSD 146,IFT-AFT
7016147002,W Harvey-Dixmoor PSD 147,IFT-AFT
7016148002,Dolton SD 148,IEA-NEA
7016149002,Dolton SD 149,IEA-NEA
7016150002,South Holland SD 150,IEA-NEA
7016151002,South Holland SD 151,IEA-NEA
7016152002,Harvey SD 152,IEA-NEA
7016152502,Hazel Crest SD 152-5,IFT-AFT
7016153002,Homewood SD 153,IEA-NEA
7016154002,Thornton SD 154,IEA-NEA
7016154502,Burnham SD 154-5,IEA-NEA
7016155002,Calumet City SD 155,IFT-AFT
7016156002,Lincoln ESD 156,IFT-AFT
7016157002,Hoover-Schrum Memorial SD 157,IFT-AFT
7016158002,Lansing SD 158,IEA-NEA
7016159002,ESD 159,IEA-NEA
7016161002,Flossmoor SD 161,Other: Flossmoor Education Association
7016162002,Matteson ESD 162,IEA-NEA
7016163002,Park Forest SD 163,IFT-AFT
7016167002,Brookwood SD 167,IEA-NEA
7016168004,CCSD 168,IEA-NEA
7016170002,Chicago Heights SD 170,IFT-AFT
7016171002,Sunnybrook SD 171,IEA-NEA
7016171061,Exc Children Have Opportunities,IEA-NEA
7016172002,Sandridge SD 172,IEA-NEA
7016194002,Steger SD 194,IEA-NEA
7016205017,Thornton Twp HSD 205,IEA-NEA
7016206017,Bloom Twp HSD 206,IEA-NEA
7016210017,Lemont Twp HSD 210,IEA-NEA
7016215017,Thornton Fractional Twp HSD 215,IFT-AFT
7016217016,Argo CHSD 217,IFT-AFT
7016218016,CHSD 218,IEA-NEA
7016220017,Reavis Twp HSD 220,IFT-AFT
7016227017,Rich Twp HSD 227,IEA-NEA
7016228016,Bremen CHSD 228,IEA-NEA
7016229016,Oak Lawn CHSD 229,IFT-AFT
7016230013,Cons HSD 230,IEA-NEA
7016231016,Evergreen Park CHSD 231,IEA-NEA
7016233016,Homewood Flossmoor CHSD 233,IEA-NEA
7016802060,Speed SEJA #802,IEA-NEA
7016806060,A E R O  Spec Educ Coop,IEA-NEA
7016901025,Southland College Prep Chtr HS,NULL
8008308026,Eastland CUSD 308,IEA-NEA
8008314026,West Carroll CUSD 314,IEA-NEA
8008399026,Chadwick-Milledgeville CUSD 399,NULL
8043119022,East Dubuque USD 119,IEA-NEA
8043120022,Galena USD 120,IFT-AFT
8043205026,Warren CUSD 205,IEA-NEA
8043206026,Stockton CUSD 206,IEA-NEA
8043210026,River Ridge CUSD 210,IEA-NEA
8043210061,Northwest Sp Ed Cooperative,NULL
8043211026,Scales Mound CUSD 211,IEA-NEA
8043790040,Jo Daviess Carroll CTE Academy,Independent
8089145022,Freeport SD 145,IEA-NEA
8089200026,Pearl City CUSD 200,NULL
8089201026,Dakota CUSD 201,IEA-NEA
8089202026,Lena Winslow CUSD 202,IEA-NEA
8089203026,Orangeville CUSD 203,IEA-NEA
8089723045,Career & Tech Educ Consortium,NULL
9010001026,Fisher CUSD 1,IEA-NEA
9010003026,Mahomet-Seymour CUSD 3,IEA-NEA
9010004026,Champaign CUSD 4,IFT-AFT
9010007026,Tolono CUSD 7,IEA-NEA
9010008026,Heritage CUSD 8,IEA-NEA
9010116022,Urbana SD 116,IEA-NEA
9010130004,Thomasboro CCSD 130,IEA-NEA
9010137002,Rantoul City SD 137,IEA-NEA
9010142004,Ludlow CCSD 142,IEA-NEA
9010169004,St Joseph CCSD 169,IEA-NEA
9010188004,Gifford CCSD 188,IEA-NEA
9010193017,Rantoul Township HSD 193,IEA-NEA
9010197004,Prairieview-Ogden CCSD 197,IEA-NEA
9010305016,St Joseph Ogden CHSD 305,IEA-NEA
9010801060,Rural Champaign Co Spec Ed Coop,IEA-NEA
9027005026,Gibson City-Melvin-Sibley CUSD 5,IEA-NEA
9027010026,Paxton-Buckley-Loda CUD 10,IEA-NEA
11012002C26,Marshall CUSD 2C,IEA-NEA
11012003C26,Martinsville CUSD 3C,IEA-NEA
11012004C26,Casey-Westfield CUSD 4C,IEA-NEA
11015001026,Charleston CUSD 1,IEA-NEA
11015002026,Mattoon CUSD 2,IEA-NEA
11015005026,Oakland CUSD 5,IEA-NEA
11015735045,Eastern IL EFE System,NULL
11018003026,Neoga CUSD 3,IEA-NEA
11018077026,Cumberland CUSD 77,IEA-NEA
11021301026,Tuscola CUSD 301,IEA-NEA
11021302026,Villa Grove CUSD 302,IEA-NEA
11021305026,Arthur CUSD 305,IEA-NEA
11021306026,Arcola CUSD 306,IEA-NEA
11023001026,Shiloh CUSD 1,IEA-NEA
11023003026,Kansas CUSD 3,IEA-NEA
11023004026,Paris CUSD 4,IEA-NEA
11023006026,Edgar County CUD 6,IEA-NEA
11023095025,Paris-Union SD 95,IEA-NEA
11023800080,Paris Cooperative High School,IEA-NEA
11070300026,Sullivan CUSD 300,IEA-NEA
11087001026,Windsor CUSD 1,IEA-NEA
11087003A26,Cowden-Herrick CUSD 3A,IFT-AFT
11087004026,Shelbyville CUSD 4,Other: Shelbyville Education Association
11087005A26,Stewardson-Strasburg CUD 5A,IEA-NEA
11087021026,Central A & M CUD 21,IEA-NEA
12013010026,Clay City CUSD 10,IEA-NEA
12013025026,North Clay CUSD 25,IEA-NEA
12013035026,Flora CUSD 35,IEA-NEA
12017001026,Hutsonville CUSD 1,IEA-NEA
12017002026,Robinson CUSD 2,IEA-NEA
12017003026,Palestine CUSD 3,IEA-NEA
12017801060,South Eastern Sp Ed Program,IEA-NEA
12040001026,Jasper County CUD 1,IEA-NEA
12051010026,Red Hill CUSD 10,IEA-NEA
12080001026,Richland County CUSD 1,IEA-NEA
13014001026,Carlyle CUSD 1,IEA-NEA
13014003026,Wesclin CUSD 3,IEA-NEA
13014012004,Breese ESD 12,IEA-NEA
13014021002,Aviston SD 21,IEA-NEA
13014046002,Willow Grove SD 46,Independent
13014057002,Bartelso SD 57,NULL
13014060002,Germantown SD 60,IFT-AFT
13014062002,Damiansville SD 62,IFT-AFT
13014063002,Albers SD 63,IEA-NEA
13014071016,Central CHSD 71,IEA-NEA
13014141502,St Rose SD 14-15,Independent
13014186002,North Wamac SD 186,IEA-NEA
13041001026,Waltonville CUSD 1,IEA-NEA
13041002004,Rome CCSD 2,IEA-NEA
13041003004,Field CCSD 3,IEA-NEA
13041005004,Opdyke-Belle-Rive CCSD 5,IEA-NEA
13041006004,Grand Prairie CCSD 6,IEA-NEA
13041012004,McClellan CCSD 12,IEA-NEA
13041079002,Summersville SD 79,IEA-NEA
13041080002,Mount Vernon SD 80,IEA-NEA
13041082002,Bethel SD 82,IEA-NEA
13041099004,Farrington CCSD 99,NULL
13041178004,Spring Garden CCSD 178,IEA-NEA
13041201017,Mt Vernon Twp HSD 201,IEA-NEA
13041209027,Woodlawn Unit School District 209,IEA-NEA
13041318027,Bluford Unit School District 318,IEA-NEA
13041801060,Franklin-Jefferson Co Sp Ed Dist,NULL
13058001003,Raccoon Cons SD 1,IEA-NEA
13058007004,Iuka CCSD 7,IEA-NEA
13058010004,Selmaville CCSD 10,IEA-NEA
13058100026,Patoka CUSD 100,IEA-NEA
13058111002,Salem SD 111,IEA-NEA
13058133002,Central City SD 133,IEA-NEA
13058135002,Centralia SD 135,IEA-NEA
13058401026,South Central CUD 401,IEA-NEA
13058501026,Sandoval CUSD 501,IEA-NEA
13058600016,Salem CHSD 600,IEA-NEA
13058722026,Odin PSD 722,IEA-NEA
13095001004,Oakdale CCSD 1,Independent
13095010026,West Washington Co CUD 10,IEA-NEA
13095011004,Irvington CCSD 11,IEA-NEA
13095015004,Ashley CCSD 15,IEA-NEA
13095049004,Nashville CCSD 49,IEA-NEA
13095099016,Nashville CHSD 99,IFT-AFT
15016299025,Chicago Public Schools Dist 299,CTU (IFT-AFT)
15016900025,Horizon Science Acad-McKinley Pk,NULL
15016901025,Horizon Science Acad-Belmont,NULL
15016902025,ACE Amandla Charter School,NULL
15016904025,Betty Shabazz  Internl Chrtr Sch,NULL
15016905025,Intrinsic 2 Charter High School,NULL
16000000046,Kishwaukee Educ Consortium,NULL
16019424026,Genoa Kingston CUSD 424,IEA-NEA
16019425026,Indian Creek CUSD 425,IEA-NEA
16019426026,Hiawatha CUSD 426,IEA-NEA
16019427026,Sycamore CUSD 427,IEA-NEA
16019427061,Northwestern Illinois Assn,NULL
16019428026,DeKalb CUSD 428,IFT-AFT
16019429026,Hinckley Big Rock CUSD 429,NULL
16019430026,Sandwich CUSD 430,IEA-NEA
16019432026,Somonauk CUSD 432,IEA-NEA
17020015026,Clinton CUSD 15,IEA-NEA
17020018026,Blue Ridge CUSD 18,IFT-AFT
17053000061,Livingston Co Spec Services Unit,IEA-NEA
17053005026,Woodland CUSD 5,IEA-NEA
17053006J26,Tri Point CUSD 6-J,IEA-NEA
17053008026,Prairie Central CUSD 8,IEA-NEA
17053074027,Flanagan-Cornell Dist 74,IEA-NEA
17053090017,Pontiac Twp HSD 90,IEA-NEA
17053230017,Dwight Twp HSD 230,IEA-NEA
17053232002,Dwight Common SD 232,IEA-NEA
17053425004,Rooks Creek CCSD 425,NULL
17053426004,Cornell CCSD 426,IEA-NEA
17053429004,Pontiac CCSD 429,NULL
17053435004,Odell CCSD 435,IFT-AFT
17053438004,Saunemin CCSD 438,IEA-NEA
17054021026,Hartsburg Emden CUSD 21,IEA-NEA
17054023026,Mt Pulaski CUSD 23,IEA-NEA
17054027002,Lincoln ESD 27,IEA-NEA
17054061004,Chester-East Lincoln CCSD 61,IEA-NEA
17054088002,New Holland-Middletown ED 88,IEA-NEA
17054092004,West Lincoln-Broadwell ESD 92,IEA-NEA
17054404016,Lincoln CHSD 404,IEA-NEA
17064002026,LeRoy CUSD 2,Independent
17064003026,Tri Valley CUSD 3,IEA-NEA
17064004026,Heyworth CUSD 4,IEA-NEA
17064005026,McLean County USD 5,IEA-NEA
17064007026,Lexington CUSD 7,IEA-NEA
17064016026,Olympia CUSD 16,IEA-NEA
17064019026,Ridgeview CUSD 19,IEA-NEA
17064087025,Bloomington SD 87,IEA-NEA
17064087041,Bloomington Area Career Center,IEA-NEA
17064087046,McLean/Dewitt Reg Voc System,IEA-NEA
19000000063,Philip J Rock Center and School,NULL
19022002002,Bensenville SD 2,IEA-NEA
19022004002,Addison SD 4,IEA-NEA
19022007002,Wood Dale SD 7,IEA-NEA
19022010002,Itasca SD 10,IEA-NEA
19022011002,Medinah SD 11,IEA-NEA
19022012002,Roselle SD 12,IEA-NEA
19022013002,Bloomingdale SD 13,IFT-AFT
19022015061,Coop Assoc for Spec Educ,IEA-NEA
19022016002,Queen Bee SD 16,IEA-NEA
19022020002,Keeneyville SD 20,IEA-NEA
19022025002,Benjamin SD 25,IEA-NEA
19022033002,West Chicago ESD 33,IEA-NEA
19022034002,Winfield SD 34,IEA-NEA
19022041002,Glen Ellyn SD 41,Other: GEEA
19022044002,Lombard SD 44,Other: Lombard Education Assocation
19022045002,SD 45 DuPage County,IEA-NEA
19022048002,Salt Creek SD 48,IEA-NEA
19022053002,Butler SD 53,NULL
19022058002,Downers Grove GSD 58,IEA-NEA
19022060002,Maercker SD 60,IEA-NEA
19022061002,Darien SD 61,IEA-NEA
19022062002,Gower SD 62,IEA-NEA
19022063002,Cass SD 63,IEA-NEA
19022066002,Center Cass SD 66,IEA-NEA
19022068002,Woodridge SD 68,IEA-NEA
19022086017,Hinsdale Twp HSD 86,IEA-NEA
19022087017,Glenbard Twp HSD 87,IEA-NEA
19022088016,DuPage HSD 88,IFT-AFT
19022089004,CCSD 89,IEA-NEA
19022093004,CCSD 93,IEA-NEA
19022094016,CHSD 94,IEA-NEA
19022099016,CHSD 99,IEA-NEA
19022100016,Fenton CHSD 100,IEA-NEA
19022108016,Lake Park CHSD 108,IEA-NEA
19022180004,CCSD 180,IEA-NEA
19022181004,Hinsdale CCSD 181,IEA-NEA
19022200026,CUSD 200,IEA-NEA
19022201026,CUSD 201,IEA-NEA
19022202026,Lisle CUSD 202,IEA-NEA
19022203026,Naperville CUSD 203,IEA-NEA
19022204026,Indian Prairie CUSD 204,IEA-NEA
19022205026,Elmhurst SD 205,IFT-AFT
19022502040,Technology Center of DuPage,IEA-NEA
19022502046,DuPage Area Occup Educ Sys,IEA-NEA
19022802060,North DuPage Sp Ed Cooperative,IEA-NEA
19022803060,School Assn For Special Educ,IEA-NEA
20024001026,Edwards County CUSD 1,IEA-NEA
20030007026,Gallatin CUSD 7,IEA-NEA
20033010026,Hamilton Co CUSD 10,IFT-AFT
20035001026,Hardin County CUSD 1,IEA-NEA
20076001026,Pope Co CUD 1,IEA-NEA
20083001026,Galatia CUSD 1,IEA-NEA
20083002026,Carrier Mills-Stonefort CUSD 2,IEA-NEA
20083003026,Harrisburg CUSD 3,IEA-NEA
20083004026,Eldorado CUSD 4,IEA-NEA
20093017024,Allendale CCSD 17,IEA-NEA
20093348026,Wabash CUSD 348,IEA-NEA
20096006004,New Hope CCSD 6,Other: Teachers of New Hope
20096014004,Geff CCSD 14,IEA-NEA
20096017004,Jasper CCSD 17,Other: No union representation
20096100026,Wayne City CUSD 100,IEA-NEA
20096112004,Fairfield PSD 112,IFT-AFT
20096200026,North Wayne CUSD 200,IEA-NEA
20096225016,Fairfield Comm H S Dist 225,IEA-NEA
20097001026,Grayville CUSD 1,IEA-NEA
20097003026,Norris City-Omaha-Enfield CUSD 3,IEA-NEA
20097005026,Carmi-White County CUSD 5,IEA-NEA
20097801060,Wabash & Ohio Valley Sp Ed Dist,IEA-NEA
21028047004,Benton CCSD 47,IFT-AFT
21028091004,Akin CCSD 91,IFT-AFT
21028099026,Christopher USD 99,IFT-AFT
21028103013,Benton Cons HSD 103,IEA-NEA
21028115004,Ewing Northern CCSD 115,IFT-AFT
21028168026,Frankfort CUSD 168,IFT-AFT
21028174026,Thompsonville CUSD 174,IFT-AFT
21028188026,Zeigler-Royalton CUSD 188,IFT-AFT
21028196026,Sesser-Valier CUSD 196,IEA-NEA
21044032003,New Simpson Hill SD 32,IEA-NEA
21044043003,Buncombe Cons SD 43,IEA-NEA
21044055002,Vienna SD 55,IEA-NEA
21044064002,Cypress SD 64,IEA-NEA
21044133017,Vienna HSD 133,IEA-NEA
21061001026,Massac UD 1,IEA-NEA
21061038026,Joppa-Maple Grove UD 38,IFT-AFT
21100001026,Johnston City CUSD 1,IEA-NEA
21100002026,Marion CUSD 2,IEA-NEA
21100003026,Crab Orchard CUSD 3,IEA-NEA
21100004026,Herrin CUSD 4,IEA-NEA
21100005026,Carterville CUSD 5,IEA-NEA
21100801060,Williamson Co Spec Educ District,IEA-NEA
24032001026,Coal City CUSD 1,NULL
24032002C02,Mazon-Verona-Kinsman ESD 2C,IEA-NEA
24032024C04,Nettle Creek CCSD 24C,IFT-AFT
24032054002,Morris SD 54,IEA-NEA
24032060C04,Saratoga CCSD 60C,IEA-NEA
24032072C04,Gardner CCSD 72C,IEA-NEA
24032073017,Gardner S Wilmington Twp HSD 73,IFT-AFT
24032075002,Braceville SD 75,IEA-NEA
24032101016,Morris CHSD 101,IEA-NEA
24032101061,Grundy County Spec Educ Coop,IEA-NEA
24032111016,Minooka CHSD 111,IEA-NEA
24032201004,Minooka CCSD 201,IEA-NEA
24032790040,Grundy Area Vocational Center,IEA-NEA
24047018016,Newark CHSD 18,IEA-NEA
24047066004,Newark CCSD 66,IEA-NEA
24047088026,Plano CUSD 88,IEA-NEA
24047088061,Plano Area Special Ed Coop,NULL
24047090004,Lisbon CCSD 90,Independent
24047115026,Yorkville CUSD 115,IEA-NEA
24047308026,CUSD 308,IEA-NEA
26029001026,Astoria CUSD 1,IFT-AFT
26029002026,V I T CUSD 2,IEA-NEA
26029003026,CUSD 3 Fulton County,IFT-AFT
26029004026,Spoon River Valley CUSD 4,IEA-NEA
26029066025,Canton Union SD 66,IEA-NEA
26029097026,Lewistown CUSD 97,IFT-AFT
26034307016,Illini West H S Dist 307,IEA-NEA
26034316026,Warsaw CUSD 316,IEA-NEA
26034317004,Carthage ESD 317,IEA-NEA
26034325026,Nauvoo-Colusa CUSD 325,IEA-NEA
26034327004,Dallas ESD 327,IEA-NEA
26034328024,Hamilton CCSD 328,IFT-AFT
26034337026,Southeastern CUSD 337,IEA-NEA
26034347004,La Harpe CSD 347,IEA-NEA
26062000061,West Central IL Spec Educ Coop,IEA-NEA
26062103026,West Prairie CUSD 103,IEA-NEA
26062170026,Bushnell Prairie City CUSD 170,IEA-NEA
26062185026,Macomb CUSD 185,IEA-NEA
26085005026,Schuyler-Industry CUSD 5,IEA-NEA
28006017004,Ohio CCSD 17,IFT-AFT
28006084004,Malden CCSD 84,IFT-AFT
28006094004,Ladd CCSD 94,IEA-NEA
28006098002,Dalzell SD 98,NULL
28006099004,Spring Valley CCSD 99,IFT-AFT
28006103022,DePue USD 103,IFT-AFT
28006115002,Princeton ESD 115,IFT-AFT
28006303026,La Moille CUSD 303,IFT-AFT
28006340026,Bureau Valley CUSD 340,IEA-NEA
28006500015,Princeton HSD 500,IEA-NEA
28006502017,Hall HSD 502,IEA-NEA
28006505016,Ohio CHSD 505,IFT-AFT
28037190002,Colona SD 190,IEA-NEA
28037223026,Orion CUSD 223,IEA-NEA
28037224026,Galva CUSD 224,IEA-NEA
28037225026,AlWood CUSD 225,IEA-NEA
28037226026,Annawan CUSD 226,IEA-NEA
28037227026,Cambridge CUSD 227,IEA-NEA
28037228026,Geneseo CUSD 228,IEA-NEA
28037229026,Kewanee CUSD 229,IEA-NEA
28037230026,Wethersfield CUSD 230,IEA-NEA
28037801060,Henry-Stark County Spec Ed Dist,IEA-NEA
28088100026,Stark County CUSD 100,IEA-NEA
30002001022,Cairo USD 1,IEA-NEA
30002005026,Egyptian CUSD 5,IEA-NEA
30002748040,Five County Reg Voc Center,NULL
30002748045,Five County Reg Voc System,NULL
30039086003,DeSoto Cons SD 86,IEA-NEA
30039095002,Carbondale ESD 95,IEA-NEA
30039130004,Giant City CCSD 130,IEA-NEA
30039140004,Unity Point CCSD 140,IEA-NEA
30039165016,Carbondale CHSD 165,IEA-NEA
30039176026,Trico CUSD 176,IEA-NEA
30039186026,Murphysboro CUSD 186,IEA-NEA
30039186061,Tri-County Sp Ed Jnt Agreement,IEA-NEA
30039196026,Elverado CUSD 196,IEA-NEA
30073005002,Tamaroa School Dist 5,IEA-NEA
30073050002,Pinckneyville SD 50,IEA-NEA
30073101016,Pinckneyville CHSD 101,IEA-NEA
30073204004,CCSD 204,IEA-NEA
30073300026,Du Quoin CUSD 300,IEA-NEA
30077100026,Century CUSD 100,IFT-AFT
30077801060,Jamp Spec Educ Services,IEA-NEA
30091016004,Lick Creek CCSD 16,IEA-NEA
30091037004,Anna CCSD 37,IEA-NEA
30091043004,County of Union Sch Dist No43,IEA-NEA
30091066022,Dongola USD 66,IEA-NEA
30091081016,Anna Jonesboro CHSD 81,IEA-NEA
30091084026,Shawnee CUSD 84,IEA-NEA
31045046022,SD U-46,IEA-NEA
31045101022,Batavia USD 101,IEA-NEA
31045129022,Aurora West USD 129,IEA-NEA
31045131022,Aurora East USD 131,IFT-AFT
31045300026,CUSD 300,IEA-NEA
31045301026,Central CUSD 301,IEA-NEA
31045302026,Kaneland CUSD 302,IEA-NEA
31045302041,Fox Valley Career Center,IEA-NEA
31045303026,St Charles CUSD 303,IEA-NEA
31045303061,Mid-Valley Special Ed Coop,IEA-NEA
31045304026,Geneva CUSD 304,IEA-NEA
31045900025,Elgin Math and Science Acad Chtr,NULL
32000000040,Kankakee Area Career Center,IEA-NEA
32038003026,Donovan CUSD 3,IEA-NEA
32038004026,Central CUSD 4,IFT-AFT
32038006026,Cissna Park CUSD 6,IEA-NEA
32038009026,Iroquois County CUSD 9,IEA-NEA
32038010026,Iroquois West CUSD 10,IFT-AFT
32038124026,Milford Area PSD 124,IEA-NEA
32038249026,Crescent Iroquois CUSD 249,IEA-NEA
32038801060,Iroquois Special Education,IEA-NEA
32046001026,Momence CUSD 1,IEA-NEA
32046002026,Herscher CUSD 2,IFT-AFT
32046005026,Manteno CUSD 5,IEA-NEA
32046006026,Grant Park CUSD 6,IEA-NEA
32046024027,St. Anne Unit District 24,IEA-NEA
32046053002,Bourbonnais SD 53,IEA-NEA
32046061002,Bradley SD 61,IEA-NEA
32046111025,Kankakee SD 111,IFT-AFT
32046258004,St George CCSD 258,IFT-AFT
32046259004,Pembroke CCSD 259,IFT-AFT
32046307016,Bradley Bourbonnais CHSD 307,IEA-NEA
32046850060,Kankakee Area Spec Educ Coop,IEA-NEA
33036235026,West Central CUSD 235,Independent
33048202026,Knoxville CUSD 202,IEA-NEA
33048205026,Galesburg CUSD 205,IEA-NEA
33048208026,R O W V A CUSD 208,IEA-NEA
33048210026,Williamsfield CUSD 210,IEA-NEA
33048276026,Abingdon-Avon CUSD 276,IEA-NEA
33048801060,Knox Warren Spec Ed Districts,NULL
33066404026,Mercer County School District 404,IEA-NEA
33094238026,Monmouth-Roseville CUSD 238,IEA-NEA
33094304026,United CUSD 304,IEA-NEA
34049001002,Winthrop Harbor SD 1,Other: LCFT
34049003004,Beach Park CCSD 3,IEA-NEA
34049006002,Zion ESD 6,IEA-NEA
34049024004,Millburn CCSD 24,IFT-AFT
34049033002,Emmons SD 33,IFT-AFT
34049034004,Antioch CCSD 34,IEA-NEA
34049036002,Grass Lake SD 36,IEA-NEA
34049037002,Gavin SD 37,IEA-NEA
34049038002,Big Hollow SD 38,IFT-AFT
34049041004,Lake Villa CCSD 41,IFT-AFT
34049046004,Grayslake CCSD 46,IFT-AFT
34049050004,Woodland CCSD 50,IFT-AFT
34049056002,Gurnee SD 56,IFT-AFT
34049060026,Waukegan CUSD 60,IFT-AFT
34049065002,Lake Bluff ESD 65,IEA-NEA
34049067005,Lake Forest SD 67,IEA-NEA
34049068002,Oak Grove SD 68 Green Oaks,IEA-NEA
34049070002,Libertyville SD 70,IEA-NEA
34049072002,Rondout SD 72,IEA-NEA
34049073004,Hawthorn CCSD 73,IEA-NEA
34049075002,Mundelein ESD 75,IEA-NEA
34049076002,Diamond Lake SD 76,IFT-AFT
34049079002,Fremont SD 79,IEA-NEA
34049095026,Lake Zurich CUSD 95,IEA-NEA
34049096004,Kildeer Countryside CCSD 96,IEA-NEA
34049102004,Aptakisic-Tripp CCSD 102,IEA-NEA
34049103002,Lincolnshire-Prairieview SD 103,IEA-NEA
34049106002,Bannockburn SD 106,IEA-NEA
34049109002,Deerfield SD 109,IEA-NEA
34049112002,North Shore SD 112,IEA-NEA
34049113017,Twp HSD 113,IEA-NEA
34049114002,Fox Lake GSD 114,IEA-NEA
34049115016,Lake Forest CHSD 115,IEA-NEA
34049116026,Round Lake CUSD 116,IEA-NEA
34049117016,CHSD 117,IEA-NEA
34049118026,Wauconda CUSD 118,IEA-NEA
34049120013,Mundelein Cons HSD 120,IEA-NEA
34049121017,Warren Twp HSD 121,IFT-AFT
34049124016,Grant CHSD 124,IFT-AFT
34049125013,Adlai E Stevenson HSD 125,IEA-NEA
34049126017,Zion-Benton Twp HSD 126,IFT-AFT
34049127016,Grayslake CHSD 127,IEA-NEA
34049128016,CHSD 128,IFT-AFT
34049187026,North Chicago SD 187,IFT-AFT
34049220026,Barrington CUSD 220,IEA-NEA
34049790040,Lake Co High Schools Tech Campus,IFT-AFT
34049801060,Exceptional Learners,NULL
34049804060,TrueNorth Educl Cooprtv 804,IEA-NEA
34049825060,Spec Educ Dist Lake County/Sedol,IFT-AFT
34049900025,Prairie Crossing Charter School,IFT-AFT
34049901025,LEARN John and Kathy Schreiber Ch,NULL
35050000061,LaSalle Putnam Alliance,NULL
35050001026,Leland CUSD 1,IEA-NEA
35050002026,Serena CUSD 2,IEA-NEA
35050009026,Earlville CUSD 9,IEA-NEA
35050017504,Dimmick Comm Cons SD #175,IEA-NEA
35050040017,Streator Twp HSD 40,IFT-AFT
35050065004,Allen-Otter Creek CCSD 65,IEA-NEA
35050079004,Tonica CCSD 79,IFT-AFT
35050082004,Deer Park CCSD 82,IFT-AFT
35050095004,Grand Ridge CCSD 95,IEA-NEA
35050120017,La Salle-Peru Twp HSD 120,IFT-AFT
35050122002,La Salle ESD 122,IEA-NEA
35050124002,Peru ESD 124,IEA-NEA
35050125002,Oglesby ESD 125,IFT-AFT
35050140017,Ottawa Twp HSD 140,Other: OTHSEA
35050141002,Ottawa ESD 141,IEA-NEA
35050150002,Marseilles ESD 150,IEA-NEA
35050160017,Seneca Twp HSD 160,IEA-NEA
35050170004,Seneca CCSD 170,IEA-NEA
35050185004,Waltham CCSD 185,IFT-AFT
35050195004,Wallace CCSD 195,Independent
35050210004,Miller Twp CCSD 210,IEA-NEA
35050230004,Rutland CCSD 230,Independent
35050280017,Mendota Twp HSD 280,IEA-NEA
35050289004,Mendota CCSD 289,IEA-NEA
35050425026,Lostant CUSD 425,IFT-AFT
35059005026,Henry-Senachwine CUSD 5,IEA-NEA
35059007026,Midland CUSD 7,IEA-NEA
35078535026,Putnam County CUSD 535,IEA-NEA
39055001026,Argenta-Oreana CUSD 1,IEA-NEA
39055002026,Maroa Forsyth CUSD 2,IEA-NEA
39055003026,Mt Zion CUSD 3,IFT-AFT
39055009026,Sangamon Valley CUSD 9,IEA-NEA
39055011026,Warrensburg-Latham CUSD 11,IEA-NEA
39055015026,Meridian CUSD 15,IFT-AFT
39055061025,Decatur SD 61,IEA-NEA
39074005026,Bement CUSD 5,IEA-NEA
39074025026,Monticello CUSD 25,IEA-NEA
39074057026,Deland-Weldon CUSD 57,IEA-NEA
39074100026,Cerro Gordo CUSD 100,IEA-NEA
40007040026,Calhoun CUSD 40,IFT-AFT
40007042026,Brussels CUSD 42,IEA-NEA
40031001026,Carrollton CUSD 1,IFT-AFT
40031003026,North Greene CUSD 3,IFT-AFT
40031010026,Greenfield CUSD 10,IEA-NEA
40042100026,Jersey CUSD 100,IEA-NEA
40056001026,Carlinville CUSD 1,IEA-NEA
40056002026,Northwestern CUSD 2,NULL
40056005026,Mount Olive CUSD 5,IEA-NEA
40056006026,Staunton CUSD 6,IFT-AFT
40056007026,Gillespie CUSD 7,IFT-AFT
40056008026,Bunker Hill CUSD 8,IEA-NEA
40056009026,Southwestern CUSD 9,IEA-NEA
40056034026,North Mac CUSD 34,IEA-NEA
40056801060,South Macoupin Association,IFT-AFT
41057001026,Roxana CUSD 1,IEA-NEA
41057002026,Triad CUSD 2,IEA-NEA
41057003026,Venice CUSD 3,IFT-AFT
41057005026,Highland CUSD 5,IEA-NEA
41057007026,Edwardsville CUSD 7,IEA-NEA
41057008026,Bethalto CUSD 8,IEA-NEA
41057009026,Granite City CUSD 9,IFT-AFT
41057010026,Collinsville CUSD 10,IEA-NEA
41057011026,Alton CUSD 11,IEA-NEA
41057012026,Madison CUSD 12,IFT-AFT
41057013002,East Alton SD 13,IEA-NEA
41057014016,East Alton-Wood River CHSD 14,IFT-AFT
41057015003,Wood River-Hartford ESD 15,IEA-NEA
41057801060,Region III Spec Ed Coop,IEA-NEA
44063002003,Nippersink SD 2,IEA-NEA
44063003003,Fox River Grove Cons SD 3,IEA-NEA
44063012026,Johnsburg CUSD 12,IEA-NEA
44063015004,McHenry CCSD 15,IEA-NEA
44063018004,Riley CCSD 18,IEA-NEA
44063019024,Alden Hebron SD 19,IEA-NEA
44063026004,Cary CCSD 26,IEA-NEA
44063036002,Harrison SD 36,IEA-NEA
44063046003,Prairie Grove CSD 46,IEA-NEA
44063047004,Crystal Lake CCSD 47,IEA-NEA
44063050026,Harvard CUSD 50,IEA-NEA
44063154016,Marengo CHSD 154,IEA-NEA
44063155016,CHSD 155,IEA-NEA
44063156016,McHenry CHSD 156,IEA-NEA
44063157016,Richmond-Burton CHSD 157,IEA-NEA
44063158022,Huntley Comm Sch Dist 158,IEA-NEA
44063165003,Marengo-Union E Cons D 165,IEA-NEA
44063200026,Woodstock CUSD 200,IFT-AFT
45000000040,Career Center of Southern IL,IFT-AFT
45067003026,Valmeyer CUSD 3,IEA-NEA
45067005026,Waterloo CUSD 5,IEA-NEA
45079132026,Red Bud CUSD 132,IEA-NEA
45079132061,Perandoe Spec Educ District,IFT-AFT
45079138026,Steeleville CUSD 138,IEA-NEA
45079139026,Chester CUSD 139,IEA-NEA
45079140026,Sparta CUSD 140,IEA-NEA
47052170022,Dixon USD 170,IEA-NEA
47052170061,Lee County Spec Educ Assoc,IEA-NEA
47052271026,Paw Paw CUSD 271,IEA-NEA
47052272026,Amboy CUSD 272,IEA-NEA
47052275026,Ashton-Franklin Center CUSD 275,IEA-NEA
47071144003,Kings Cons SD 144,IEA-NEA
47071212017,Rochelle Twp HSD 212,IEA-NEA
47071220026,Oregon CUSD 220,IEA-NEA
47071221026,Forrestville Valley CUSD 221,IEA-NEA
47071222026,Polo CUSD 222,IEA-NEA
47071223026,Meridian CUSD 223,Other: Stillman Valley Educators Association
47071226026,Byron CUSD 226,IEA-NEA
47071231004,Rochelle CCSD 231,IEA-NEA
47071269004,Eswood CCSD 269,NULL
47071801060,Ogle Co Education Cooperative,IEA-NEA
47098000061,Bi-County Special Educ Coop,IEA-NEA
47098001026,Erie CUSD 1,IEA-NEA
47098002026,River Bend CUSD 2,IEA-NEA
47098003026,Prophetstown-Lyndon-Tampico CUSD3,IEA-NEA
47098005026,Sterling CUSD 5,IEA-NEA
47098005040,Whiteside Area Career,IEA-NEA
47098006026,Morrison CUSD 6,IEA-NEA
47098013002,Rock Falls ESD 13,IEA-NEA
47098020002,East Coloma - Nelson CESD 20,IEA-NEA
47098145004,Montmorency CCSD 145,IEA-NEA
47098301017,Rock Falls Twp HSD 301,IEA-NEA
48000000046,Peoria Educ Reg for Empl Traing,NULL
48072000061,Spec Educ Assoc of Peoria County,IEA-NEA
48072062002,Pleasant Valley SD 62,IFT-AFT
48072063002,Norwood ESD 63,IFT-AFT
48072066002,Bartonville SD 66,IEA-NEA
48072068002,Oak Grove SD 68  Bartonville,IFT-AFT
48072069002,Pleasant Hill SD 69,IFT-AFT
48072070002,Monroe SD 70,IFT-AFT
48072150025,Peoria SD 150,IFT-AFT
48072265026,Farmington Central CUSD 265,IFT-AFT
48072309026,Brimfield CUSD 309,IEA-NEA
48072310016,Limestone CHSD 310,IFT-AFT
48072316004,Limestone Walters CCSD 316,IFT-AFT
48072321026,Il Valley Central USD 321,IEA-NEA
48072322026,Elmwood CUSD 322,IFT-AFT
48072323026,Dunlap CUSD 323,IEA-NEA
48072325026,Peoria Heights CUSD 325,IFT-AFT
48072326026,Princeville CUSD 326,IEA-NEA
48072327026,Illini Bluffs CUSD 327,IFT-AFT
48072328003,Hollis Cons SD 328,NULL
49081029002,Hampton SD 29,IFT-AFT
49081030017,United Twp HSD 30,IEA-NEA
49081030041,United Twp Area Career Ctr,IEA-NEA
49081034002,Silvis SD 34,IEA-NEA
49081036002,Carbon Cliff-Barstow SD 36,IEA-NEA
49081037002,East Moline SD 37,IEA-NEA
49081040022,Moline-Coal Valley CUSD 40,IEA-NEA
49081041025,Rock Island SD 41,IEA-NEA
49081100026,Riverdale CUSD 100,IEA-NEA
49081200026,Sherrard CUSD 200,IEA-NEA
49081300026,Rockridge CUSD 300,IEA-NEA
49081865060,Black Hawk Area Sp Ed District,IEA-NEA
50082009026,Lebanon CUSD 9,IFT-AFT
50082019026,Mascoutah CUD 19,IEA-NEA
50082030003,St Libory Cons SD 30,IFT-AFT
50082040026,Marissa CUSD 40,IEA-NEA
50082060026,New Athens CUSD 60,IEA-NEA
50082070004,Freeburg CCSD 70,IEA-NEA
50082077016,Freeburg CHSD 77,IEA-NEA
50082090004,O Fallon CCSD 90,IFT-AFT
50082104002,Central SD 104,IFT-AFT
50082105002,Pontiac-W Holliday SD 105,IFT-AFT
50082110004,Grant CCSD 110,IFT-AFT
50082113002,Wolf Branch SD 113,IFT-AFT
50082115002,Whiteside SD 115,IFT-AFT
50082116002,High Mount SD 116,IFT-AFT
50082118002,Belleville SD 118,IFT-AFT
50082119002,Belle Valley SD 119,IFT-AFT
50082130004,Smithton CCSD 130,IFT-AFT
50082160004,Millstadt CCSD 160,IEA-NEA
50082175002,Harmony Emge SD 175,IFT-AFT
50082181002,Signal Hill SD 181,IEA-NEA
50082187026,Cahokia CUSD 187,IFT-AFT
50082188022,Brooklyn UD 188,IFT-AFT
50082189022,East St Louis SD 189,IFT-AFT
50082196026,Comm Unit School District No 196,IFT-AFT
50082201017,Belleville Twp HSD 201,IFT-AFT
50082203017,O Fallon Twp HSD 203,IFT-AFT
50082801060,Belleville Area Special Services,IFT-AFT
51065202026,Porta CUSD 202,IEA-NEA
51065213026,Athens CUSD 213,IEA-NEA
51084001026,Tri City CUSD 1,IEA-NEA
51084003A26,Rochester CUSD 3A,IEA-NEA
51084005026,Ball Chatham CUSD 5,IEA-NEA
51084008026,Pleasant Plains CUSD 8,IEA-NEA
51084010026,Auburn CUSD 10,IEA-NEA
51084010061,Sangamon Area Spec Ed Dist,IEA-NEA
51084011026,Pawnee CUSD 11,IEA-NEA
51084014026,Riverton CUSD 14,IEA-NEA
51084015026,Williamsville CUSD 15,IEA-NEA
51084016026,New Berlin CUSD 16,IEA-NEA
51084186025,Springfield SD 186,IEA-NEA
51084790040,Capital Area Career Center,IEA-NEA
53060126026,Havana CUSD 126,IFT-AFT
53060189026,Illini Central CUSD 189,IEA-NEA
53060191026,Midwest Central CUSD 191,IEA-NEA
53090050002,District 50 Schools,IFT-AFT
53090051002,Central SD 51,IEA-NEA
53090052002,Washington SD 52,IEA-NEA
53090076002,Creve Coeur SD 76,IEA-NEA
53090085002,Robein SD 85,IFT-AFT
53090086002,East Peoria SD 86,IEA-NEA
53090098002,Rankin CSD 98,IFT-AFT
53090102002,N Pekin & Marquette Hght SD 102,IFT-AFT
53090108002,Pekin PSD 108,IEA-NEA
53090137002,South Pekin SD 137,IFT-AFT
53090303016,Pekin CSD 303,IEA-NEA
53090308016,Washington CHSD 308,IEA-NEA
53090309016,East Peoria CHSD 309,IEA-NEA
53090309061,Tazewell-Mason Cntys Sp Ed Assoc,IEA-NEA
53090701026,Deer Creek-Mackinaw CUSD 701,IEA-NEA
53090702026,Tremont CUSD 702,NULL
53090703026,Delavan CUSD 703,IEA-NEA
53090709026,Morton CUSD 709,IEA-NEA
53102001004,Metamora CCSD 1,IEA-NEA
53102002004,Riverview CCSD 2,IFT-AFT
53102006026,Fieldcrest CUSD 6,IEA-NEA
53102011026,El Paso-Gridley CUSD 11,IEA-NEA
53102060026,Roanoke Benson CUSD 60,NULL
53102069002,Germantown Hills SD 69,Other: Germantown Hills Teachers Association
53102122017,County of Woodford School,Independent
53102140026,Eureka CUD 140,IEA-NEA
53102801060,Woodford Cty Special Ed Assoc,NULL
54092001026,Bismarck Henning CUSD,IEA-NEA
54092004026,Georgetown-Ridge Farm CUD 4,IEA-NEA
54092007026,Rossville-Alvin CUSD 7,IEA-NEA
54092010026,Potomac CUSD 10,IEA-NEA
54092011026,Hoopeston Area CUSD 11,IEA-NEA
54092061003,Armstrong-Ellis Cons SD 61,Independent
54092076026,Oakwood CUSD 76,IEA-NEA
54092118024,Danville CCSD 118,IEA-NEA
54092225017,Armstrong Twp HSD 225,IEA-NEA
54092512026,Salt Fork CUSD 512,IEA-NEA
54092801060,Vermilion Assoc for Spec Educ,IEA-NEA
56000000040,Wilco Area Career Center,IFT-AFT
56099017002,Channahon SD 17,IFT-AFT
56099030C04,Troy CCSD 30C,IEA-NEA
56099030C61,S Will Co Coop for Spec Ed,IFT-AFT
56099033C04,Homer CCSD 33C,IFT-AFT
56099070C04,Laraway CCSD 70C,IFT-AFT
56099081002,Union SD 81,IFT-AFT
56099084002,Rockdale SD 84,IFT-AFT
56099086005,Joliet PSD 86,IFT-AFT
56099088002,Chaney-Monge SD 88,IFT-AFT
56099088061,Lockport Area Spec Educ Coop,IFT-AFT
56099088A02,Richland GSD 88A,IFT-AFT
56099089002,Fairmont SD 89,IFT-AFT
56099090002,Taft SD 90,IFT-AFT
56099091002,Lockport SD 91,IEA-NEA
56099092002,Will County SD 92,IFT-AFT
56099114002,Manhattan SD 114,IFT-AFT
56099122002,New Lenox SD 122,IFT-AFT
56099157C04,Frankfort CCSD 157C,IEA-NEA
56099159002,Mokena SD 159,IEA-NEA
56099161002,Summit Hill SD 161,IFT-AFT
56099200U26,Beecher CUSD 200U,IEA-NEA
56099201U26,Crete Monee CUSD 201U,IEA-NEA
56099202022,Plainfield SD 202,IEA-NEA
56099203004,Elwood CCSD 203,IFT-AFT
56099204017,Joliet Twp HSD 204,IFT-AFT
56099205017,Lockport Twp HSD 205,Other: AFL-CIO
56099207U26,Peotone CUSD 207U,IFT-AFT
56099209U26,Wilmington CUSD 209U,IFT-AFT
56099210016,Lincoln Way CHSD 210,IEA-NEA
56099255U26,Reed Custer CUSD 255U,IEA-NEA
56099365U26,Valley View CUSD 365U,IFT-AFT
56099843060,Lincoln-Way Area Spec Ed JA Dist,IEA-NEA
